SalesID,Date,ProductID,CustomerID,StoreID,Quantity,UnitPrice,TotalSales
45861,2023-08-22,49,134,7,1,20237.98,20237.98
5550,2022-09-07,13,260,6,4,104628.28,418513.13
10230,2023-01-29,38,143,9,3,208747.59,626242.76
97631,2022-07-15,48,165,6,2,41056.82,82113.63
78433,2022-01-12,37,92,15,1,207541.25,207541.25
10174,2023-07-20,34,294,12,4,302026.99,1208107.95
41319,2022-12-17,17,269,9,3,21905.16,65715.49
90945,2023-01-23,8,253,1,4,166161.35,664645.39
66024,2023-03-09,5,177,13,2,244677.36,489354.72
48004,2023-08-16,13,273,13,5,122698.52,613492.6
93531,2023-10-04,23,65,10,3,233804.9,701414.71
98956,2023-02-18,11,104,10,1,61336.76,61336.76
34006,2023-03-12,46,151,9,5,59151.99,295759.93
53135,2022-11-01,21,67,6,2,48637.08,97274.17
80173,2023-05-11,2,39,13,4,124083.25,496332.98
15395,2022-02-21,26,45,5,3,24180.94,72542.83
44453,2023-11-29,25,105,5,5,73371.17,366855.83
46668,2023-04-04,8,285,1,2,338756.97,677513.94
69981,2022-09-03,48,291,10,3,52391.23,157173.7
31573,2022-07-09,24,3,2,5,274980.13,1374900.63
79758,2023-03-11,32,284,5,2,107529.98,215059.96
12332,2022-05-14,26,252,3,1,202759.33,202759.33
14953,2023-04-12,45,236,15,3,304110.39,912331.16
46675,2022-01-22,1,151,12,4,158846.13,635384.52
47165,2023-12-14,14,93,14,3,207917.32,623751.97
5697,2023-12-11,14,260,9,4,22950.23,91800.93
42505,2022-12-26,13,149,20,1,32624.77,32624.77
68449,2022-05-16,21,136,15,3,290831.61,872494.83
88059,2022-06-17,2,125,2,2,326136.37,652272.73
20373,2022-06-01,44,122,10,1,178110.2,178110.2
26968,2023-10-02,24,127,3,4,141595.98,566383.92
83733,2022-01-20,47,279,19,5,53705.46,268527.32
70300,2022-07-18,49,261,20,2,234711.65,469423.29
13731,2022-09-22,12,206,18,3,226390.99,679172.96
1594,2022-03-03,8,161,13,5,290308.41,1451542.03
48968,2022-09-04,8,203,13,1,274527.14,274527.14
57695,2023-03-07,8,116,16,2,87054.18,174108.35
49542,2022-03-21,44,59,8,1,82607.44,82607.44
94204,2022-02-07,22,116,1,5,130074.03,650370.17
10259,2023-06-28,35,218,3,2,231918.12,463836.24
96728,2023-05-09,34,108,14,2,147947.05,295894.1
25110,2023-04-13,30,36,16,4,84287.78,337151.11
15281,2022-05-06,25,160,15,2,174209.77,348419.53
79061,2022-05-05,42,161,15,5,197933.74,989668.7
95133,2022-03-27,1,4,11,3,253465.91,760397.72
33537,2023-06-15,30,161,12,5,295561.24,1477806.22
47055,2023-12-07,29,201,12,3,305334.15,916002.44
49420,2023-03-01,12,286,17,1,88884.8,88884.8
99791,2022-07-27,15,110,18,3,47356.76,142070.27
69957,2023-01-16,40,275,16,2,336711.91,673423.82
20678,2023-02-18,8,10,8,3,227758.44,683275.31
60503,2023-12-12,33,234,13,5,331303.06,1656515.29
62709,2022-12-15,24,293,13,1,69999.03,69999.03
79186,2022-11-24,1,133,18,1,192015.25,192015.25
27296,2023-01-21,35,62,19,1,59336.97,59336.97
27840,2023-11-22,1,189,13,5,136623.46,683117.29
55810,2023-09-16,27,238,7,4,238001.23,952004.93
16371,2022-10-22,24,120,1,4,41332.09,165328.36
89233,2022-04-25,7,186,15,1,71989.12,71989.12
43517,2022-12-30,41,288,16,2,24849.95,49699.89
95276,2022-11-18,30,169,19,3,269385.17,808155.51
55339,2023-02-18,3,258,1,3,68004.62,204013.85
23686,2022-01-30,26,235,5,1,151754.67,151754.67
42771,2022-06-06,8,183,19,3,252983.24,758949.71
90104,2023-08-28,15,66,7,5,217970.29,1089851.43
4535,2022-07-18,33,266,16,5,70449.5,352247.48
87317,2023-08-22,32,136,11,1,64510.01,64510.01
78769,2023-04-23,26,2,11,4,347710.56,1390842.24
94889,2023-10-24,48,197,8,2,91923.51,183847.03
37116,2023-04-15,20,23,6,3,77146.22,231438.66
27870,2023-11-13,9,288,2,5,120065.62,600328.08
69870,2022-04-25,41,101,14,4,28548.22,114192.89
79100,2023-11-20,47,175,13,3,81299.22,243897.67
81061,2023-09-14,26,258,14,5,147357.07,736785.37
32029,2022-07-28,8,274,17,5,49430.55,247152.74
59683,2023-02-20,19,60,15,1,199044.97,199044.97
9598,2022-02-26,20,257,12,5,309236.15,1546180.76
48430,2023-11-06,40,243,13,5,43308.73,216543.65
92828,2022-04-27,28,4,19,4,326328.26,1305313.03
57588,2023-06-27,29,149,14,1,74544.06,74544.06
53910,2023-12-05,43,199,6,5,321330.65,1606653.26
9174,2022-09-28,24,11,12,4,52112.21,208448.84
61983,2023-06-29,41,281,8,3,133896.45,401689.36
31858,2023-09-27,40,58,10,4,258448.62,1033794.47
13408,2023-08-02,18,226,16,3,30874.06,92622.18
89917,2022-09-03,22,166,11,3,330100.39,990301.16
87729,2023-11-30,5,239,15,3,194261.84,582785.51
41251,2023-10-06,40,146,9,2,97021.56,194043.13
94245,2023-09-03,19,239,12,3,67833.05,203499.15
79840,2022-10-20,10,91,13,4,60557.28,242229.1
47181,2022-05-26,29,62,15,4,328860.74,1315442.96
45010,2023-01-08,10,93,14,2,140065.88,280131.75
39600,2022-11-27,30,211,9,3,298293.67,894881.02
66027,2022-11-05,22,206,16,1,36280.37,36280.37
48625,2022-08-09,14,59,4,3,167754.65,503263.94
88053,2023-12-30,30,126,16,2,276713.44,553426.88
24664,2022-07-05,43,260,11,1,266062.06,266062.06
48521,2022-05-29,20,175,7,2,53815.05,107630.11
96742,2023-12-02,35,291,1,3,154818.95,464456.86
30566,2022-07-28,4,4,3,4,337013.26,1348053.02
81568,2023-05-25,20,192,12,2,87712.64,175425.28
47468,2023-08-23,44,283,13,3,233266.24,699798.73
86984,2023-05-27,41,277,8,2,89577.84,179155.68
79648,2023-10-10,30,9,8,1,39869.82,39869.82
86332,2022-08-30,13,70,2,3,159831.09,479493.28
25463,2023-05-12,44,51,17,1,106796.86,106796.86
41143,2023-08-03,39,1,5,1,36117.14,36117.14
37001,2022-10-04,4,105,20,4,219602.33,878409.33
304,2023-05-11,1,130,9,5,263165.01,1315825.05
74085,2022-07-05,5,89,19,3,244886.44,734659.31
63698,2022-10-11,47,51,9,3,32436.76,97310.29
61749,2023-03-17,21,264,16,5,22948.57,114742.83
91023,2023-01-29,2,254,5,3,313252.97,939758.92
53905,2023-08-26,22,235,4,3,148735.24,446205.72
60662,2022-01-20,34,130,17,2,243118.17,486236.35
92691,2022-09-15,44,135,5,5,225028.25,1125141.24
69492,2023-06-23,25,109,20,1,233583.07,233583.07
4419,2023-08-11,10,83,10,3,96460.1,289380.3
5341,2022-04-28,3,253,13,2,310312.3,620624.59
43434,2023-11-03,47,12,17,3,329590.29,988770.88
43254,2023-06-01,43,210,1,1,282811.22,282811.22
92798,2023-07-11,39,284,17,4,51480.05,205920.22
98401,2022-06-18,10,90,4,3,193363.43,580090.29
60514,2023-10-11,49,20,5,3,43169.18,129507.55
25452,2022-06-26,31,230,4,3,55972.61,167917.83
53450,2023-04-14,25,265,17,3,135070.19,405210.57
94600,2023-12-02,8,89,15,2,300693.49,601386.98
90965,2022-02-12,19,56,20,1,310598.19,310598.19
47138,2022-11-29,12,16,5,2,69055.07,138110.15
30188,2022-05-21,37,149,1,2,59319.85,118639.71
31380,2022-06-27,4,77,12,2,313328.35,626656.7
24715,2022-12-21,15,244,1,4,244840.09,979360.35
60049,2023-09-12,5,3,18,5,54614.2,273070.99
25496,2022-10-06,26,171,3,5,54021.56,270107.81
2688,2022-06-18,37,62,3,3,342940.47,1028821.4
79774,2023-01-08,24,195,20,5,118753.64,593768.21
96841,2023-12-25,23,146,2,1,346585.11,346585.11
6430,2023-01-11,50,98,5,1,296328.48,296328.48
5090,2022-11-17,10,268,2,1,200448.81,200448.81
74802,2023-12-26,37,297,6,2,252668.26,505336.52
8979,2023-11-11,39,38,17,4,94043.37,376173.47
60838,2022-09-12,44,42,5,2,256051.01,512102.01
90804,2022-01-25,44,217,20,4,289787.69,1159150.76
61700,2023-04-20,3,177,1,4,241994.64,967978.57
89005,2023-10-10,50,86,10,5,319550.4,1597752.0
44868,2023-07-10,48,300,1,4,169567.96,678271.85
86186,2022-12-21,3,92,20,4,47270.85,189083.39
74758,2022-12-31,47,76,20,1,301426.57,301426.57
63201,2023-07-13,44,292,17,4,343858.3,1375433.21
60713,2022-10-06,43,202,4,5,336624.42,1683122.11
48240,2022-04-11,11,136,2,2,194040.05,388080.11
26686,2022-02-23,46,238,19,5,261178.49,1305892.45
10686,2023-03-24,35,137,20,4,223434.27,893737.07
18456,2022-04-12,22,181,2,2,212802.98,425605.95
45405,2022-03-06,29,267,5,4,294550.73,1178202.93
33253,2022-04-29,50,119,13,5,100645.02,503225.1
56739,2023-04-25,31,242,4,3,76039.95,228119.84
69649,2022-01-03,11,71,11,3,35939.66,107818.97
64523,2022-11-04,6,247,20,1,264033.32,264033.32
96141,2022-07-31,33,49,20,3,133116.39,399349.16
21450,2022-04-08,15,271,7,1,320209.85,320209.85
46702,2023-12-27,18,146,3,2,234465.37,468930.74
43630,2023-01-11,46,38,3,5,138072.4,690362.01
16740,2023-11-08,29,147,18,3,77677.68,233033.03
20259,2023-06-27,34,123,7,3,158875.64,476626.92
89570,2023-09-04,18,80,12,5,85081.19,425405.94
90984,2023-10-17,30,23,10,1,156752.34,156752.34
5907,2023-01-06,5,146,4,2,319776.09,639552.18
59466,2022-10-17,26,16,16,3,339011.41,1017034.22
44403,2023-09-15,8,72,4,2,86333.27,172666.53
5912,2023-09-08,2,173,10,3,269735.16,809205.47
23684,2022-09-23,29,234,19,1,76445.94,76445.94
89558,2023-04-26,41,64,18,3,24646.52,73939.57
55832,2023-09-01,25,126,20,3,328530.52,985591.56
46991,2023-07-30,23,176,13,5,55795.43,278977.17
64442,2022-08-11,8,190,1,2,224111.26,448222.52
51029,2023-08-14,19,125,6,3,181083.4,543250.21
66300,2023-09-13,46,12,2,2,191057.9,382115.8
22652,2023-06-26,50,107,20,5,57273.79,286368.97
42645,2022-05-12,9,58,6,2,183253.25,366506.5
99016,2023-08-08,7,49,12,3,28266.97,84800.91
86808,2023-04-03,47,280,6,2,307284.94,614569.89
99067,2023-08-12,41,204,5,2,112172.21,224344.42
68675,2023-04-28,20,40,6,4,254240.13,1016960.53
38159,2022-08-23,48,220,18,2,123038.6,246077.2
8923,2023-09-13,19,140,7,5,66397.21,331986.07
86302,2023-03-27,36,167,10,2,55697.64,111395.27
38990,2022-10-07,1,240,6,1,245720.1,245720.1
91777,2022-01-24,3,76,4,5,89479.41,447397.05
21842,2022-01-11,7,34,15,4,174774.37,699097.49
72523,2023-10-17,29,192,1,4,187071.12,748284.5
74275,2022-12-18,25,219,6,2,317719.84,635439.68
28212,2023-04-03,6,273,13,5,46158.52,230792.61
8789,2022-12-23,45,179,8,1,271805.72,271805.72
86386,2023-06-08,16,297,19,3,43624.95,130874.84
30223,2023-03-22,20,145,12,3,131085.46,393256.39
29265,2023-05-27,44,216,9,5,42439.71,212198.57
97371,2023-01-21,15,30,9,1,268670.87,268670.87
67745,2022-04-27,32,121,10,4,260322.71,1041290.83
54542,2023-06-10,41,219,11,1,238355.11,238355.11
81329,2023-11-06,8,6,15,3,79230.25,237690.75
37172,2022-08-04,15,12,12,1,165563.15,165563.15
32430,2022-10-03,13,190,16,2,25734.08,51468.16
75804,2022-08-07,22,88,10,5,245477.99,1227389.95
29433,2023-07-08,30,261,5,4,307496.96,1229987.83
91780,2022-07-08,49,115,6,3,95681.09,287043.28
37299,2023-03-07,26,52,6,4,67304.91,269219.64
65933,2023-08-11,47,123,18,3,226157.63,678472.88
30792,2022-01-11,45,269,9,4,203261.85,813047.42
13532,2022-04-27,2,88,7,2,106358.91,212717.83
62816,2022-06-29,44,223,5,1,325851.45,325851.45
23997,2022-08-09,1,132,7,3,151973.28,455919.84
23389,2023-10-09,3,255,6,2,24498.51,48997.03
84015,2023-05-24,41,206,20,2,240838.09,481676.18
15847,2022-01-20,8,138,13,4,313752.76,1255011.03
54620,2022-09-28,8,139,6,5,269765.62,1348828.1
41789,2022-08-12,48,217,19,5,174299.58,871497.89
89876,2023-05-30,28,52,5,3,342192.69,1026578.06
40224,2022-10-01,9,105,2,2,104727.17,209454.33
94027,2022-08-22,30,169,6,1,94739.03,94739.03
87291,2022-08-14,8,203,14,4,217184.29,868737.14
63090,2023-01-04,5,282,20,1,192225.76,192225.76
45957,2023-06-16,13,225,5,2,170131.13,340262.27
35965,2023-07-11,43,298,1,2,210815.95,421631.9
31372,2023-12-08,35,18,9,2,193988.16,387976.32
6882,2023-10-11,43,135,10,5,122996.24,614981.22
50795,2023-03-16,39,116,17,4,231517.72,926070.87
28666,2023-10-08,14,267,8,4,139593.5,558374.01
17525,2023-07-13,45,41,9,5,103064.05,515320.24
34214,2023-08-26,36,61,1,5,25616.4,128081.98
85343,2022-12-14,11,174,16,1,278119.37,278119.37
70418,2023-04-20,49,171,9,3,295329.2,885987.61
94990,2022-11-21,8,32,18,5,329836.18,1649180.91
70175,2023-06-30,17,174,20,4,156205.6,624822.41
15124,2022-10-29,29,282,13,2,99390.69,198781.38
80672,2023-01-14,10,193,7,4,235846.38,943385.53
2812,2022-12-01,7,170,1,2,342695.27,685390.54
98204,2022-01-07,38,84,17,4,310532.78,1242131.11
78875,2022-12-08,32,11,4,3,190798.07,572394.22
37913,2023-05-26,13,292,10,4,168295.07,673180.26
3259,2022-05-27,33,266,16,3,239693.72,719081.17
26923,2022-04-23,43,274,13,3,184745.05,554235.15
35048,2023-07-29,13,217,13,5,141888.32,709441.59
92013,2023-02-08,50,67,15,2,207286.36,414572.72
3500,2022-03-30,28,176,18,4,159237.08,636948.33
47735,2023-07-04,50,169,1,2,199190.91,398381.82
19206,2023-08-20,26,33,5,1,119857.77,119857.77
94989,2022-07-01,16,115,4,4,203377.79,813511.17
48294,2023-08-11,37,237,18,5,145800.29,729001.46
42012,2023-06-30,27,162,5,5,75950.7,379753.5
63303,2022-08-31,45,159,10,5,287963.93,1439819.64
38929,2023-02-09,37,300,19,1,29755.79,29755.79
26546,2022-12-13,44,220,19,2,340057.58,680115.16
21461,2023-02-17,22,200,16,4,210022.18,840088.71
1740,2022-02-20,39,104,3,4,342420.5,1369682.0
1037,2022-07-08,25,133,10,4,264996.72,1059986.87
47519,2022-05-30,29,204,20,1,117201.0,117201.0
75501,2022-09-24,12,125,17,3,272211.85,816635.55
8868,2022-03-21,48,189,1,2,252081.23,504162.46
98410,2023-07-29,11,177,9,2,344803.23,689606.47
39370,2022-09-05,20,79,5,3,65878.25,197634.75
95421,2022-01-07,46,218,1,3,100741.74,302225.22
3827,2022-02-09,16,117,11,5,22553.88,112769.41
21545,2022-07-29,17,165,3,2,215640.06,431280.13
43880,2022-01-01,41,24,17,1,214467.08,214467.08
22117,2023-12-04,7,279,13,5,150937.25,754686.27
38199,2023-11-13,5,118,13,4,192952.87,771811.49
31814,2023-05-08,23,107,6,3,52362.35,157087.06
59783,2022-09-05,41,62,11,4,341261.92,1365047.68
40627,2022-03-26,50,251,5,3,343175.45,1029526.36
295,2022-07-26,29,163,10,4,227728.38,910913.5
52498,2022-02-11,4,106,7,4,133539.72,534158.87
43079,2022-03-15,15,178,4,2,313739.91,627479.82
16037,2022-05-11,42,234,14,3,117518.41,352555.24
14746,2023-02-03,23,168,18,5,158837.65,794188.24
29036,2023-10-21,12,126,2,3,86382.58,259147.74
21105,2023-11-04,30,86,12,4,308051.72,1232206.9
5550,2022-09-28,12,160,17,3,180205.84,540617.53
87000,2023-11-04,2,101,20,3,257727.26,773181.79
36555,2022-09-03,15,113,12,1,242196.78,242196.78
77522,2023-03-11,40,19,1,2,32528.91,65057.81
56215,2022-12-10,26,206,5,2,240834.48,481668.96
70675,2022-03-21,47,51,17,3,202550.76,607652.28
6821,2022-06-10,33,215,20,4,112660.33,450641.32
18287,2023-06-11,7,137,2,3,136260.17,408780.5
371,2023-08-28,38,173,17,5,267119.9,1335599.52
83638,2022-10-04,31,274,20,2,247975.43,495950.86
81847,2022-06-13,50,128,18,4,33117.03,132468.14
59441,2022-07-19,36,292,14,1,232186.53,232186.53
74155,2023-12-16,38,125,2,3,288327.26,864981.79
81662,2022-08-20,5,279,5,2,292079.87,584159.75
65736,2022-08-26,23,207,5,1,336150.34,336150.34
95141,2023-01-03,14,220,6,5,132053.33,660266.66
61749,2023-05-29,12,186,13,3,254113.89,762341.68
41099,2023-10-11,30,213,1,4,242753.47,971013.87
92601,2022-11-10,36,298,15,5,90315.87,451579.36
5494,2022-02-21,5,267,15,4,283155.33,1132621.33
39631,2023-06-18,16,127,3,3,284936.27,854808.81
51702,2022-08-11,14,121,6,4,193936.51,775746.04
26481,2023-06-07,44,155,16,3,299560.25,898680.76
49329,2023-04-01,6,120,7,3,158759.33,476277.98
11048,2022-09-04,35,6,7,2,326069.12,652138.23
17062,2023-05-26,25,31,14,3,338358.54,1015075.62
38699,2022-10-22,4,71,19,5,103126.46,515632.32
76475,2023-02-25,36,146,1,5,32425.58,162127.88
83845,2023-10-27,8,146,17,5,93283.07,466415.34
33726,2022-08-11,23,135,14,5,95597.66,477988.32
534,2023-07-03,47,84,3,2,223870.79,447741.58
11169,2023-04-06,31,13,11,1,72731.9,72731.9
71089,2022-05-01,39,126,13,2,111216.35,222432.7
97687,2023-09-01,29,100,3,1,49909.14,49909.14
92000,2023-04-29,15,45,11,3,296531.74,889595.22
35013,2022-06-26,18,20,9,4,233992.96,935971.84
46933,2022-04-27,40,232,1,2,242370.1,484740.19
64720,2023-01-13,44,80,17,3,225550.49,676651.47
6269,2023-11-12,18,226,5,4,272347.69,1089390.76
52641,2023-03-29,46,49,8,1,270759.48,270759.48
73562,2023-01-18,43,124,2,3,297352.25,892056.74
94982,2023-04-13,46,299,20,1,291998.75,291998.75
96893,2022-06-21,25,217,14,4,317453.28,1269813.12
7243,2022-08-05,17,292,16,4,51181.07,204724.29
36597,2022-06-18,40,230,18,5,71268.5,356342.48
37678,2023-05-24,18,192,18,2,252326.26,504652.52
65719,2023-07-13,11,228,16,1,35190.16,35190.16
60320,2022-01-21,19,179,12,5,341824.4,1709121.98
3189,2023-06-24,26,224,16,3,126905.14,380715.41
93848,2022-04-19,17,69,9,4,60827.39,243309.57
72008,2023-11-10,20,32,20,5,109123.65,545618.25
64838,2022-04-16,9,109,5,4,320562.31,1282249.25
57456,2022-08-25,37,262,8,1,145306.61,145306.61
82569,2022-02-09,21,185,1,2,239605.96,479211.92
58133,2022-06-26,23,30,7,1,40728.09,40728.09
60253,2023-10-18,44,151,12,3,126545.76,379637.27
80143,2023-02-16,43,92,12,4,144260.46,577041.82
24800,2022-02-11,13,199,12,3,26543.26,79629.79
96678,2022-05-02,33,30,15,5,287919.41,1439597.04
54379,2022-09-01,7,255,19,5,111514.58,557572.91
54874,2022-09-07,10,275,14,4,231258.68,925034.73
91690,2023-12-12,45,9,6,2,246769.67,493539.34
66680,2022-10-07,33,4,13,3,178139.54,534418.62
58247,2022-02-09,36,87,6,5,305125.37,1525626.86
76076,2022-08-10,1,66,3,5,102721.36,513606.82
47140,2023-09-18,35,260,7,2,62006.46,124012.92
45052,2023-01-21,29,103,20,1,136814.0,136814.0
63934,2022-08-06,12,134,2,2,23475.84,46951.69
12789,2022-05-30,14,205,14,4,85751.89,343007.55
39569,2023-12-01,30,154,13,5,197715.41,988577.06
36612,2022-03-05,33,268,7,4,49801.82,199207.27
20863,2023-03-22,41,232,2,1,227218.12,227218.12
43279,2023-07-15,27,90,9,1,261994.83,261994.83
67904,2023-07-24,19,256,2,2,304836.1,609672.19
62611,2022-04-21,29,254,4,2,34202.93,68405.86
3710,2023-10-30,43,184,3,2,41513.43,83026.87
47706,2022-12-15,8,144,17,2,95111.67,190223.34
86533,2022-09-29,41,78,14,3,261525.0,784575.0
56420,2022-12-05,2,77,14,4,101955.65,407822.58
4492,2022-09-23,47,39,16,2,173352.02,346704.04
45500,2023-01-08,7,249,3,1,322032.1,322032.1
32052,2023-06-22,4,207,15,4,99357.02,397428.1
95484,2022-11-17,6,90,18,4,118417.55,473670.2
15975,2022-02-06,26,8,15,3,38487.58,115462.75
43556,2022-02-07,35,239,12,4,156063.77,624255.08
14838,2023-01-22,18,263,1,4,196941.51,787766.04
32723,2022-11-05,6,250,5,5,188060.4,940302.01
78829,2023-11-15,12,61,5,1,247350.83,247350.83
97999,2022-06-12,20,160,2,4,87541.33,350165.3
34186,2022-12-10,4,82,18,4,310087.9,1240351.58
44445,2022-08-13,7,24,12,4,315924.75,1263698.99
10675,2022-07-17,3,25,15,1,122907.44,122907.44
89483,2022-03-20,26,190,6,4,174805.66,699222.64
30508,2022-11-14,19,95,5,2,273838.88,547677.77
70173,2023-06-13,24,4,6,3,158615.69,475847.07
51853,2022-09-26,13,280,7,3,82283.23,246849.68
205,2023-06-23,24,95,15,3,224260.73,672782.19
68569,2023-11-20,44,140,4,5,180701.52,903507.59
44773,2022-09-16,8,84,18,2,250201.15,500402.29
65179,2022-03-06,32,114,2,3,98107.36,294322.07
60280,2022-01-06,24,299,18,1,286972.08,286972.08
62246,2023-06-09,1,109,2,4,122168.7,488674.8
41970,2023-01-18,31,28,8,1,344571.78,344571.78
95575,2022-12-26,40,28,14,5,219003.64,1095018.2
86344,2023-05-23,17,78,10,5,105844.03,529220.17
40404,2022-08-21,24,99,15,1,92212.8,92212.8
66159,2022-11-07,35,77,8,2,312040.99,624081.97
3556,2022-05-07,39,288,14,2,110998.34,221996.69
31633,2023-07-01,34,64,15,2,217025.81,434051.61
96812,2022-12-02,10,5,10,5,340609.32,1703046.62
53750,2023-09-20,4,278,4,4,349372.47,1397489.88
28307,2023-03-17,47,288,11,3,28831.52,86494.57
84142,2023-07-11,34,192,1,4,164862.64,659450.57
98032,2022-11-24,11,193,11,3,109026.39,327079.17
2760,2022-11-08,22,60,1,3,225119.57,675358.72
5993,2022-02-25,30,32,2,1,241912.4,241912.4
20332,2022-08-26,2,229,20,2,297175.96,594351.92
51227,2022-09-11,32,17,19,1,37002.64,37002.64
74188,2023-11-27,13,154,16,3,231278.53,693835.58
96651,2023-09-14,39,175,1,3,258575.51,775726.54
55512,2022-07-14,33,292,17,2,262733.81,525467.61
29876,2023-05-22,7,22,14,5,152926.43,764632.16
44706,2023-10-26,10,114,1,4,285512.34,1142049.34
52098,2023-12-11,2,178,16,5,313594.93,1567974.64
79171,2022-04-18,18,287,3,1,76517.02,76517.02
56607,2023-08-26,47,236,18,1,341395.47,341395.47
10700,2023-07-01,21,195,2,3,188330.93,564992.78
50515,2023-06-22,30,89,20,3,32816.19,98448.58
4546,2022-07-04,6,35,2,2,263527.32,527054.64
17842,2023-09-10,9,5,10,4,318479.37,1273917.49
16224,2023-12-20,5,115,10,4,170701.03,682804.13
16907,2022-01-01,36,240,11,2,273133.83,546267.66
42991,2022-07-02,34,256,2,2,25852.41,51704.83
57385,2023-01-24,20,20,3,3,279741.26,839223.78
30823,2022-04-08,15,70,6,5,197631.08,988155.38
21272,2022-02-25,49,14,15,1,187212.4,187212.4
8009,2023-02-12,20,168,8,5,36226.29,181131.47
50577,2023-03-19,14,181,10,5,313656.83,1568284.16
23276,2022-01-17,3,116,18,1,211741.64,211741.64
1775,2023-06-12,38,282,3,3,324086.5,972259.51
82438,2023-06-03,22,146,8,2,347118.8,694237.6
6991,2022-04-28,38,177,3,2,71902.56,143805.12
53125,2022-05-13,48,44,8,3,283449.48,850348.43
86449,2023-05-30,46,53,12,1,247535.84,247535.84
89409,2023-12-16,29,196,3,3,277122.48,831367.44
72460,2023-07-14,27,283,11,5,121463.92,607319.62
86614,2022-01-07,11,19,9,2,54490.9,108981.8
82656,2022-05-19,8,280,20,1,321025.82,321025.82
95480,2023-08-09,6,159,6,4,79193.51,316774.02
10485,2022-04-04,26,95,2,4,326739.65,1306958.6
63678,2022-05-22,31,82,16,1,177168.54,177168.54
47348,2023-08-27,43,119,9,5,81079.36,405396.81
23195,2022-06-20,23,80,19,1,66120.5,66120.5
16650,2022-04-10,11,59,7,3,33532.01,100596.03
47813,2022-06-08,22,110,15,3,316520.56,949561.69
14102,2023-04-17,19,100,3,5,166526.2,832631.01
8140,2023-02-19,1,131,16,5,34506.95,172534.77
81259,2023-10-06,49,214,13,1,221402.26,221402.26
19370,2022-12-16,1,96,4,1,71137.81,71137.81
29988,2023-07-21,19,285,15,4,306899.79,1227599.18
97922,2022-12-28,7,49,19,5,96755.39,483776.96
50987,2023-12-12,31,267,10,3,299804.39,899413.18
49771,2023-08-17,11,27,11,2,168649.84,337299.68
19964,2023-09-11,46,109,20,4,295182.44,1180729.76
83467,2023-11-25,23,210,15,1,92685.18,92685.18
71333,2022-04-14,48,131,5,4,160986.93,643947.71
36760,2023-02-09,47,95,18,3,271196.85,813590.55
73225,2022-03-08,47,248,4,2,279901.93,559803.85
65763,2022-01-10,36,142,11,1,244620.84,244620.84
93971,2022-05-02,8,207,4,1,193563.34,193563.34
3480,2023-11-20,10,74,16,1,41293.54,41293.54
34560,2023-06-24,34,198,9,3,253237.26,759711.77
32816,2023-06-20,13,197,7,4,147492.44,589969.75
14400,2023-05-28,15,247,4,2,192558.11,385116.22
97446,2022-01-08,30,49,18,4,208559.82,834239.28
82428,2022-03-12,34,26,1,1,216419.21,216419.21
66680,2022-05-30,1,115,18,2,213034.31,426068.63
23508,2023-06-19,11,101,3,3,167609.94,502829.81
24630,2022-03-08,34,53,8,4,276180.11,1104720.43
5972,2023-10-18,10,162,9,5,329681.52,1648407.58
19269,2022-12-09,18,168,3,4,329647.53,1318590.12
58700,2022-09-28,25,117,4,1,280915.13,280915.13
71119,2022-09-01,35,240,5,3,335189.96,1005569.89
97077,2023-03-15,40,294,14,4,252659.88,1010639.52
4639,2023-11-05,35,259,15,3,140026.62,420079.87
29389,2023-10-19,14,293,1,3,116760.5,350281.49
87340,2022-02-06,33,285,5,3,248903.88,746711.65
63703,2023-03-04,26,19,1,1,231698.2,231698.2
93604,2022-09-29,1,232,10,4,86815.76,347263.02
75977,2022-09-22,24,84,15,3,222926.94,668780.82
98668,2022-11-12,11,214,18,2,30014.11,60028.21
83382,2022-06-04,16,240,14,4,180683.38,722733.5
17516,2023-04-15,19,261,15,5,201594.43,1007972.16
54587,2022-06-05,11,209,15,2,24477.22,48954.45
25710,2022-06-23,11,192,19,1,201957.38,201957.38
2537,2022-05-27,10,243,5,4,66384.79,265539.17
9268,2022-12-29,8,76,13,1,132760.09,132760.09
12678,2023-10-27,50,260,5,2,248492.24,496984.48
41621,2022-02-17,3,8,13,4,129232.31,516929.25
79210,2023-07-15,48,259,10,2,238452.42,476904.85
4397,2023-02-06,27,37,12,5,58014.5,290072.49
60589,2023-12-16,40,174,5,4,282633.08,1130532.34
91749,2022-05-01,3,41,12,5,71680.61,358403.06
74177,2022-12-10,14,138,18,5,341391.37,1706956.84
9205,2023-04-18,7,89,6,2,308408.43,616816.85
12837,2022-04-02,15,220,10,4,191883.07,767532.29
1363,2023-10-27,9,210,2,1,315644.03,315644.03
65139,2023-01-13,34,46,3,5,222967.14,1114835.7
71502,2022-03-10,43,253,3,2,91475.13,182950.26
16047,2022-08-13,1,189,7,4,210324.7,841298.81
52437,2022-07-17,23,297,7,2,283843.61,567687.21
86468,2023-10-19,31,53,9,3,312242.04,936726.12
15098,2023-05-14,11,210,16,3,145876.29,437628.87
11482,2022-01-14,14,222,3,1,271367.51,271367.51
36070,2022-03-18,27,157,4,4,20167.07,80668.27
98460,2023-08-09,45,185,17,5,304677.99,1523389.96
87293,2023-01-24,18,187,2,4,213089.32,852357.27
9595,2022-08-05,28,229,2,3,63016.32,189048.96
75858,2022-02-13,10,295,20,2,162928.76,325857.53
59189,2022-04-06,26,232,17,3,88733.82,266201.45
1025,2022-02-24,32,157,15,1,259089.3,259089.3
1225,2023-12-19,32,198,16,2,93905.52,187811.04
40848,2022-05-12,3,207,17,1,243335.31,243335.31
46504,2023-11-08,8,54,5,5,261053.16,1305265.8
21305,2023-04-27,37,204,3,5,250596.29,1252981.44
40667,2022-09-27,50,119,4,3,336251.0,1008753.0
23649,2022-08-31,21,183,12,2,240486.93,480973.87
99841,2023-03-19,33,140,15,5,51134.9,255674.49
64820,2023-02-06,29,147,20,2,37258.74,74517.48
98760,2022-10-27,11,69,12,2,340984.96,681969.93
8694,2023-04-16,8,165,7,4,306990.89,1227963.54
79717,2023-10-31,5,190,5,2,103365.67,206731.33
17811,2022-09-05,26,160,9,2,92813.68,185627.36
62991,2022-08-09,36,199,14,4,206705.71,826822.84
50290,2023-02-17,45,264,14,4,261365.87,1045463.48
94772,2023-01-28,29,199,10,2,207681.6,415363.19
63761,2022-01-28,26,150,16,2,346510.23,693020.45
79692,2022-12-07,9,251,5,1,90831.67,90831.67
53290,2023-12-01,26,211,16,2,276124.76,552249.51
84317,2023-10-31,39,119,17,4,215462.0,861847.99
63914,2022-02-16,22,243,6,3,197887.06,593661.19
27500,2023-01-05,11,287,8,4,289016.75,1156066.99
4693,2022-07-03,10,56,1,1,267466.45,267466.45
34026,2023-04-21,15,98,14,3,248788.59,746365.76
71486,2022-02-19,31,30,4,3,141583.03,424749.09
64422,2022-08-04,21,16,20,5,30531.95,152659.73
53911,2023-04-19,35,130,11,4,142211.36,568845.43
9551,2023-01-13,29,162,3,1,309035.26,309035.26
88669,2022-05-05,45,8,7,1,23042.13,23042.13
65816,2023-04-09,24,144,10,5,232615.09,1163075.46
60832,2023-12-03,5,282,13,2,242810.43,485620.86
87775,2022-01-19,19,196,4,3,68594.14,205782.42
40810,2023-06-06,35,195,15,4,29728.07,118912.27
68128,2022-01-26,12,211,1,3,237966.69,713900.07
65369,2023-09-13,40,44,10,1,344030.5,344030.5
98676,2022-11-18,9,4,19,1,304909.42,304909.42
80106,2022-04-08,42,146,4,4,170538.57,682154.27
15918,2023-12-31,26,203,20,3,84785.07,254355.22
61564,2023-08-20,9,222,12,2,309781.04,619562.07
62846,2022-07-24,31,44,8,5,28948.55,144742.73
32020,2023-04-24,25,10,10,1,52518.34,52518.34
72615,2023-08-01,17,98,3,4,49501.25,198005.0
70887,2023-11-30,7,164,8,5,227325.48,1136627.42
10684,2023-09-15,34,107,8,3,92275.35,276826.05
65333,2022-02-15,30,205,19,4,78672.92,314691.68
57736,2022-04-27,23,155,9,3,301575.01,904725.04
32552,2023-05-02,2,297,13,2,24997.47,49994.94
74839,2023-07-15,18,131,4,4,147655.97,590623.87
25891,2022-04-24,11,159,15,3,117699.65,353098.96
47661,2023-11-08,31,244,12,2,336079.45,672158.89
39655,2023-09-08,49,183,13,5,303349.49,1516747.43
53094,2022-03-28,2,22,19,4,176840.68,707362.73
34959,2023-05-16,47,144,19,5,130437.0,652184.98
17031,2022-07-12,16,294,12,1,64280.12,64280.12
76286,2023-06-22,22,177,3,3,111853.17,335559.5
62207,2022-10-08,49,115,20,4,246877.05,987508.22
94243,2023-08-18,32,14,16,2,327293.25,654586.51
94682,2023-04-13,21,133,9,5,132846.54,664232.68
12794,2022-12-06,27,120,3,4,282649.16,1130596.63
25008,2022-04-06,13,180,3,5,287886.31,1439431.55
45174,2022-11-13,41,241,6,5,146320.96,731604.81
76844,2022-09-01,43,53,3,4,185557.03,742228.11
85486,2023-10-06,23,13,7,4,125593.8,502375.21
9622,2022-09-23,50,30,11,2,235116.85,470233.7
75965,2023-11-04,14,151,12,5,303785.02,1518925.08
72589,2022-07-28,37,250,20,1,129954.54,129954.54
23906,2023-03-08,9,110,7,3,320642.2,961926.61
35355,2022-11-10,25,186,17,1,128241.33,128241.33
55453,2022-04-15,23,31,17,4,277046.69,1108186.77
36733,2022-02-23,30,275,1,5,324791.74,1623958.72
65602,2023-07-29,30,141,9,1,60156.9,60156.9
54076,2023-09-15,18,141,5,4,75912.94,303651.76
95863,2022-11-21,48,263,13,5,345398.99,1726994.95
17002,2023-02-07,38,203,4,3,163179.37,489538.11
627,2023-12-19,39,186,9,2,340744.13,681488.26
66832,2023-05-27,17,188,19,5,121642.46,608212.28
90245,2022-06-23,32,68,17,5,193226.76,966133.81
37576,2022-08-21,32,2,17,1,112497.14,112497.14
77497,2023-05-31,30,53,7,3,152278.71,456836.12
76371,2022-07-04,4,236,5,1,217400.8,217400.8
75722,2022-04-25,35,233,20,1,272111.41,272111.41
34984,2023-01-27,23,196,6,1,314497.26,314497.26
51218,2022-09-25,25,138,13,1,339705.72,339705.72
65872,2022-08-25,12,47,18,1,38558.9,38558.9
64095,2022-07-05,12,176,5,5,329529.11,1647645.57
89563,2023-12-10,25,146,8,1,107121.27,107121.27
75845,2022-03-08,29,139,5,5,257492.65,1287463.27
77638,2023-09-06,33,100,12,3,24650.96,73952.87
44930,2023-07-08,3,257,11,2,301182.58,602365.17
32818,2022-11-24,25,190,10,1,315710.27,315710.27
47449,2023-05-10,35,113,20,1,309326.74,309326.74
39383,2023-10-10,25,214,8,1,296206.45,296206.45
82183,2022-01-20,12,64,17,3,343628.34,1030885.01
83515,2022-09-07,49,213,7,1,219720.13,219720.13
73413,2022-11-22,47,248,10,2,307997.77,615995.54
2190,2023-03-27,4,89,16,1,286534.54,286534.54
53177,2022-12-27,41,36,18,1,241252.99,241252.99
18959,2022-12-02,25,13,3,4,283677.01,1134708.03
10641,2022-04-21,7,123,4,1,218847.34,218847.34
68892,2022-04-17,13,97,11,1,326144.78,326144.78
1966,2022-01-07,15,175,5,5,205654.4,1028271.98
87150,2023-03-23,20,97,9,4,119130.93,476523.72
96333,2023-01-19,45,136,19,1,234092.33,234092.33
10430,2023-10-09,41,286,20,5,65131.06,325655.28
88927,2023-06-21,9,298,8,2,287214.39,574428.78
45737,2023-09-22,38,30,20,2,276223.59,552447.18
12413,2022-11-21,11,179,20,5,336829.44,1684147.18
3187,2023-02-20,29,240,2,4,99389.88,397559.5
78767,2022-03-20,16,246,10,4,49796.09,199184.35
26429,2023-06-09,46,107,16,2,242282.94,484565.88
38241,2022-05-28,36,41,11,5,200119.45,1000597.25
202,2023-12-20,35,273,9,4,228184.44,912737.75
55788,2022-08-05,48,175,11,1,134027.9,134027.9
25902,2022-02-16,11,238,19,3,38794.6,116383.81
98910,2023-10-19,1,298,18,5,29270.14,146350.72
35569,2023-04-08,27,126,19,2,168272.77,336545.55
16662,2022-07-29,42,39,18,1,47384.62,47384.62
93015,2023-12-23,42,199,1,1,212138.4,212138.4
98180,2023-04-19,29,36,3,3,142882.58,428647.74
82799,2023-01-11,7,251,11,1,266796.06,266796.06
24486,2023-05-08,40,184,5,4,44175.84,176703.35
16392,2022-10-30,32,288,13,2,191407.76,382815.52
82738,2023-01-25,16,99,13,2,147434.9,294869.79
87890,2022-05-03,20,298,8,3,252778.22,758334.67
23053,2023-09-08,41,150,19,1,249836.53,249836.53
39089,2022-07-11,12,109,3,5,169628.43,848142.17
60532,2023-09-26,26,218,17,5,215450.12,1077250.62
19930,2023-05-04,11,109,14,4,110236.04,440944.16
57662,2023-10-05,35,95,15,4,232184.22,928736.9
73369,2023-04-30,25,4,6,4,40779.56,163118.25
97611,2022-04-03,41,10,20,2,138523.68,277047.36
67116,2022-04-04,13,87,11,3,291620.01,874860.02
23385,2022-03-03,19,186,19,2,284519.4,569038.79
53954,2023-06-27,30,239,11,5,83463.21,417316.05
7133,2022-12-31,27,6,12,5,327880.49,1639402.46
36959,2023-12-17,21,20,19,4,125680.86,502723.44
34569,2022-09-19,40,264,7,2,233413.55,466827.11
85426,2023-12-08,12,148,14,3,337103.61,1011310.84
1550,2023-11-10,43,222,14,2,38679.71,77359.43
53696,2022-01-11,42,151,17,5,126047.34,630236.69
6815,2022-11-02,41,197,8,3,276502.15,829506.45
48228,2022-04-05,49,270,10,5,310170.2,1550850.99
97194,2022-11-07,45,72,17,5,256413.44,1282067.19
36688,2023-11-28,6,236,3,4,77868.71,311474.85
34499,2023-08-03,28,196,20,3,308553.63,925660.88
54922,2022-09-01,38,196,6,1,300248.79,300248.79
42614,2023-07-23,44,106,15,2,296248.19,592496.38
90741,2023-01-24,45,126,12,1,184572.97,184572.97
66200,2023-01-05,22,220,14,3,133167.06,399501.18
55544,2023-02-05,9,210,12,1,112047.47,112047.47
71754,2023-10-23,11,110,4,1,176078.52,176078.52
43838,2022-11-20,32,268,20,4,195397.6,781590.39
80429,2022-09-04,46,129,17,2,292985.18,585970.36
63172,2023-02-23,26,261,1,4,262812.64,1051250.56
54053,2023-09-18,45,94,7,3,221630.64,664891.93
99433,2023-02-11,27,237,14,5,199806.57,999032.87
18542,2022-03-03,35,253,5,3,51011.79,153035.36
89505,2023-01-15,19,247,14,3,151397.31,454191.93
40566,2023-05-01,35,20,10,2,140011.16,280022.33
35957,2023-09-22,11,141,11,1,169166.52,169166.52
63967,2022-10-16,10,107,10,3,263324.46,789973.37
28151,2022-11-08,38,31,6,1,188096.92,188096.92
94470,2023-10-25,43,54,6,1,172653.88,172653.88
32080,2022-01-11,7,6,2,3,26472.69,79418.07
96602,2023-05-30,40,132,10,5,184906.96,924534.8
45679,2023-06-27,5,173,2,2,290093.68,580187.36
11552,2023-12-23,43,64,9,2,299531.86,599063.72
44385,2022-09-13,46,271,10,3,144190.6,432571.79
9476,2022-02-18,24,69,9,4,334621.15,1338484.61
59803,2023-01-01,43,137,4,1,280849.26,280849.26
76822,2023-12-09,47,34,17,4,108474.87,433899.47
59989,2022-06-05,18,291,7,3,165613.46,496840.37
85228,2023-02-26,33,265,9,5,40026.95,200134.76
22333,2022-12-01,25,60,17,2,111641.27,223282.53
1924,2023-04-04,47,57,1,1,182684.14,182684.14
53139,2022-05-24,12,208,20,2,314493.68,628987.36
52827,2023-08-23,10,268,5,5,177820.67,889103.34
4221,2023-06-13,47,19,17,2,170110.46,340220.92
44398,2023-03-18,22,90,8,1,82401.75,82401.75
40505,2022-07-13,36,25,7,4,73971.07,295884.27
39107,2023-07-20,47,127,6,2,341013.24,682026.49
75213,2022-04-11,8,32,1,1,301852.72,301852.72
22306,2023-11-24,23,272,3,3,334419.57,1003258.72
75026,2023-06-13,15,248,12,1,24933.5,24933.5
88400,2022-10-31,45,250,2,3,220213.18,660639.54
48560,2022-01-28,40,286,9,4,225334.65,901338.61
47626,2022-11-08,46,14,7,3,192356.36,577069.08
49379,2023-07-13,28,45,4,4,113650.23,454600.93
5602,2023-04-01,13,69,9,3,236463.33,709389.99
20905,2023-01-04,7,59,6,5,249866.78,1249333.89
78184,2023-03-01,4,66,5,5,313135.1,1565675.48
27577,2022-02-21,18,286,7,2,124903.77,249807.54
77888,2022-09-23,7,48,3,4,152087.36,608349.46
751,2023-08-07,36,177,8,1,105197.37,105197.37
63275,2023-10-13,21,223,2,4,61693.86,246775.46
93692,2022-01-02,11,18,20,3,96522.66,289567.97
21756,2023-11-28,46,65,8,5,295930.47,1479652.35
15038,2023-07-13,11,270,18,1,176298.58,176298.58
62301,2022-09-21,16,44,10,5,90298.72,451493.58
73679,2022-02-04,5,50,4,5,239139.02,1195695.1
39688,2023-11-18,50,193,11,2,258613.41,517226.82
93482,2022-07-27,44,175,18,1,340959.44,340959.44
2191,2022-11-08,12,105,16,4,62753.4,251013.58
28953,2022-02-25,34,180,19,1,216192.0,216192.0
69532,2023-05-16,7,119,11,2,115675.76,231351.51
82834,2023-04-06,2,22,19,1,75345.69,75345.69
82603,2022-06-10,33,87,11,1,131373.58,131373.58
15739,2023-02-02,33,252,9,5,193685.8,968429.0
80877,2022-12-08,40,181,12,5,190768.13,953840.67
87597,2023-04-06,23,71,20,3,305497.24,916491.72
16640,2022-08-10,3,145,20,4,251358.06,1005432.25
76789,2022-04-02,36,123,12,4,224031.75,896127.0
69305,2022-01-28,1,234,20,1,153143.93,153143.93
77007,2023-11-24,23,133,20,3,52761.0,158283.01
88007,2022-07-10,22,97,4,1,170691.28,170691.28
81655,2022-02-26,40,185,4,5,157570.62,787853.11
47217,2022-01-21,15,254,16,3,193645.1,580935.3
86495,2023-10-27,41,13,11,5,244813.7,1224068.49
62745,2022-08-28,38,295,17,3,180736.53,542209.6
77524,2023-06-04,14,246,10,4,235287.92,941151.69
18724,2023-02-08,29,250,14,3,131933.3,395799.91
81055,2022-05-06,35,193,6,3,162446.07,487338.2
22690,2022-12-23,34,297,15,4,236314.98,945259.93
3777,2023-03-12,24,167,16,1,343307.51,343307.51
19130,2022-11-01,28,296,17,1,244484.84,244484.84
62538,2022-10-21,34,182,11,4,201182.08,804728.33
20781,2022-05-16,43,176,20,5,160400.06,802000.3
18601,2023-10-13,8,78,17,1,184044.67,184044.67
96592,2022-06-21,44,97,19,3,64138.92,192416.76
80647,2022-04-23,49,13,15,3,118357.32,355071.97
93618,2023-08-05,32,113,10,3,290267.85,870803.55
43899,2023-03-04,26,135,17,1,177598.42,177598.42
51995,2022-04-25,1,61,17,5,247790.62,1238953.11
74954,2022-02-14,19,87,3,2,122428.64,244857.28
24650,2022-12-12,25,65,20,2,224159.34,448318.68
7291,2022-01-05,21,59,2,4,260216.11,1040864.42
48866,2023-12-25,21,164,2,2,32860.92,65721.84
41867,2023-04-24,4,282,6,2,65740.71,131481.43
26189,2023-02-17,24,293,16,3,57454.72,172364.16
59417,2023-06-01,18,210,2,4,61148.35,244593.42
6056,2023-10-11,17,251,20,5,86050.98,430254.9
73915,2023-10-31,7,243,9,4,274448.1,1097792.4
49323,2022-10-15,44,236,13,2,130379.25,260758.5
48602,2022-07-11,47,225,20,4,282752.19,1131008.75
48558,2023-03-27,31,38,14,4,222760.6,891042.4
18022,2023-05-27,32,238,17,3,283252.67,849758.01
14332,2022-07-30,48,240,4,1,281654.65,281654.65
38560,2023-09-20,29,248,5,4,245308.34,981233.37
49128,2022-02-17,29,299,3,5,88947.3,444736.51
23852,2023-05-25,40,263,8,1,150300.55,150300.55
18461,2023-08-10,39,192,9,5,34790.63,173953.14
38303,2022-11-13,13,87,15,4,207028.19,828112.77
97210,2023-02-09,34,83,5,5,275116.39,1375581.93
63465,2023-12-26,9,105,14,3,216274.69,648824.07
90216,2022-04-20,18,56,8,3,248104.84,744314.51
15108,2023-12-18,16,264,20,2,79103.41,158206.83
79917,2022-10-02,1,300,16,4,146420.08,585680.32
98218,2023-01-25,10,238,1,5,327935.81,1639679.06
40283,2023-05-05,22,11,9,5,300492.71,1502463.55
51540,2022-08-06,9,293,12,1,286187.63,286187.63
65556,2022-03-11,46,97,4,1,31678.63,31678.63
62953,2022-09-03,46,174,12,1,241611.32,241611.32
96369,2022-08-14,29,176,4,4,233571.74,934286.94
92256,2022-11-16,48,114,14,3,155221.8,465665.41
43378,2023-06-12,31,255,11,1,145523.69,145523.69
62201,2023-06-02,16,45,10,1,198578.18,198578.18
7031,2022-08-22,18,120,16,3,167114.98,501344.95
92141,2023-05-11,26,229,11,2,305508.06,611016.12
15268,2023-11-16,23,252,3,1,44151.07,44151.07
47522,2022-05-09,33,256,20,4,184895.62,739582.49
33467,2022-08-18,32,138,1,3,165718.97,497156.91
9821,2023-01-18,16,36,20,2,143365.25,286730.49
84557,2022-07-16,3,60,5,1,93142.88,93142.88
47279,2022-05-07,3,189,13,5,184708.79,923543.97
97044,2023-01-25,10,55,8,4,22803.55,91214.19
10199,2023-03-22,19,94,3,5,221977.66,1109888.3
66235,2022-05-30,6,12,13,2,77856.6,155713.2
14130,2022-01-27,36,285,10,3,127874.72,383624.15
41975,2022-03-01,24,33,10,2,54782.08,109564.17
87913,2023-10-10,33,189,3,5,281412.38,1407061.89
29576,2022-08-02,45,212,19,3,210720.15,632160.45
56163,2023-02-27,17,296,1,5,102210.33,511051.67
29624,2022-12-13,44,274,15,4,251135.83,1004543.31
49265,2022-08-07,1,136,11,3,343660.78,1030982.34
2114,2022-04-24,46,261,12,2,40207.75,80415.5
66608,2022-03-06,11,74,9,3,174924.27,524772.82
77605,2023-01-15,21,117,10,3,175529.5,526588.51
11332,2023-12-03,39,194,16,3,82392.29,247176.87
58241,2023-01-11,43,181,14,2,160050.22,320100.44
21868,2022-10-04,9,32,4,3,330814.36,992443.08
24088,2023-06-08,24,253,13,1,262017.19,262017.19
41331,2022-02-11,31,24,3,5,168462.49,842312.46
79507,2022-01-07,39,273,10,1,340124.09,340124.09
35522,2023-09-01,4,170,9,3,262175.74,786527.22
14067,2022-06-23,28,189,15,1,43912.34,43912.34
21999,2022-01-18,9,207,6,3,243323.32,729969.97
71330,2022-03-13,3,89,20,2,35190.64,70381.27
46630,2022-08-17,48,88,15,5,181561.87,907809.33
32931,2023-01-21,49,189,20,3,151254.6,453763.79
70955,2023-07-06,26,160,13,2,157758.37,315516.74
3917,2023-12-21,40,35,10,4,336987.22,1347948.89
50796,2023-06-25,8,232,13,5,81942.82,409714.12
61620,2023-03-10,7,241,20,5,229233.09,1146165.46
59969,2023-12-18,39,220,6,4,124530.82,498123.26
82449,2022-09-01,23,36,3,2,324843.42,649686.84
69634,2023-04-19,25,87,3,2,338960.42,677920.84
62808,2022-10-19,1,134,11,3,299872.7,899618.09
69089,2023-03-27,27,94,8,4,192572.88,770291.54
90194,2022-03-14,12,85,20,4,97499.99,389999.96
92822,2022-05-06,34,291,3,1,285652.99,285652.99
1556,2023-11-11,18,139,11,4,231311.78,925247.13
17559,2023-05-21,22,210,20,5,115735.24,578676.22
60809,2022-04-05,44,15,4,4,89808.15,359232.61
75346,2023-12-17,12,173,6,2,178178.6,356357.19
91662,2023-02-05,24,114,11,2,69832.8,139665.6
19097,2022-12-19,14,74,15,1,187674.94,187674.94
59963,2022-08-08,38,119,12,2,130868.76,261737.52
59053,2023-11-16,2,278,8,3,212040.14,636120.41
74333,2023-03-20,2,62,20,1,289600.59,289600.59
58880,2022-10-19,40,208,16,3,84567.05,253701.15
72967,2023-11-07,44,87,15,2,211211.67,422423.35
16865,2023-11-29,48,298,16,5,123541.67,617708.36
22080,2023-10-18,18,123,17,2,243026.8,486053.6
6198,2022-12-10,23,206,16,1,107060.33,107060.33
43411,2022-01-24,13,54,14,5,246006.31,1230031.57
46728,2022-08-27,15,30,18,3,69596.07,208788.2
92987,2022-01-12,49,66,1,1,339224.08,339224.08
24744,2023-09-29,50,291,11,1,269722.47,269722.47
36887,2022-07-14,6,113,11,3,179313.16,537939.49
81195,2022-01-05,46,167,7,4,208032.73,832130.9
86136,2023-08-01,26,164,3,1,274539.1,274539.1
64719,2022-11-25,18,41,13,4,152869.39,611477.56
85868,2023-02-06,17,9,12,5,30304.67,151523.36
83668,2022-01-21,32,2,8,3,337751.2,1013253.61
45941,2022-08-26,18,234,16,1,324465.05,324465.05
70176,2023-11-27,1,31,6,4,36416.73,145666.91
39907,2022-06-28,39,121,2,4,159097.21,636388.83
53068,2023-11-26,18,173,8,5,208888.79,1044443.94
61944,2023-05-03,17,22,5,5,46406.47,232032.35
28390,2023-05-09,25,216,9,4,311709.65,1246838.59
12108,2022-07-31,46,29,17,4,307156.45,1228625.79
52899,2023-12-20,47,172,2,2,285051.19,570102.37
80822,2022-05-30,31,248,13,1,281723.95,281723.95
60129,2023-06-15,14,134,11,3,299291.8,897875.41
59163,2022-02-13,14,276,10,5,260934.1,1304670.52
24822,2023-05-05,40,24,5,2,45774.39,91548.78
24679,2023-11-12,25,220,16,3,281071.88,843215.63
89954,2022-05-17,38,279,7,5,158287.98,791439.91
60697,2022-08-24,6,68,10,4,329083.45,1316333.8
38638,2023-02-23,11,22,14,2,93590.23,187180.45
65979,2023-09-05,14,291,13,4,144417.57,577670.28
80411,2023-12-25,25,204,6,3,319366.12,958098.37
41719,2023-12-06,44,178,19,2,300532.66,601065.32
30652,2022-12-31,8,99,11,5,189393.32,946966.62
31726,2023-08-01,48,297,11,1,189717.77,189717.77
54782,2022-10-11,49,16,4,3,163320.24,489960.73
9966,2023-10-27,46,158,1,2,151811.46,303622.92
79118,2023-12-01,42,161,13,1,187036.23,187036.23
3358,2023-02-12,44,5,15,5,240663.68,1203318.4
46573,2023-10-05,8,57,15,5,138550.67,692753.36
32607,2022-02-27,19,135,16,4,29027.59,116110.37
56736,2023-12-16,29,267,3,4,198826.78,795307.12
73059,2023-05-12,1,101,4,4,221694.2,886776.8
40424,2022-08-08,19,286,18,3,139884.89,419654.68
95051,2023-04-09,19,122,6,3,189836.25,569508.74
78671,2023-04-17,22,253,17,5,334737.78,1673688.89
84790,2022-02-07,13,97,8,3,268549.99,805649.97
42213,2022-04-04,38,213,6,1,257554.02,257554.02
14616,2023-09-26,10,267,11,1,52959.04,52959.04
79590,2022-01-20,2,92,1,2,168270.26,336540.53
29889,2022-06-28,24,234,11,3,260430.07,781290.22
27166,2022-11-04,9,30,15,3,170053.28,510159.84
59755,2023-01-12,16,76,20,2,182051.33,364102.66
63259,2022-12-19,6,232,12,4,160466.16,641864.63
24292,2023-01-20,26,199,20,3,56605.27,169815.81
66521,2022-08-01,22,102,15,5,108889.13,544445.66
2680,2023-05-26,6,257,13,5,290273.76,1451368.78
46537,2023-01-07,20,11,9,4,170240.64,680962.56
64157,2022-02-22,40,164,20,5,133365.03,666825.15
26388,2022-07-09,39,188,6,2,219583.4,439166.8
4877,2022-09-11,7,274,7,2,39102.21,78204.42
6050,2023-07-18,42,284,6,1,279768.51,279768.51
19470,2022-09-07,31,90,16,1,58800.86,58800.86
73863,2022-10-22,16,290,2,3,62500.72,187502.16
32914,2023-06-21,4,194,14,1,184190.38,184190.38
12430,2023-12-19,2,58,9,3,29251.83,87755.5
17493,2023-03-18,18,103,5,5,336738.08,1683690.41
70496,2022-09-01,42,67,13,4,317589.12,1270356.46
49080,2022-04-06,21,206,5,5,287745.04,1438725.22
29869,2023-06-17,4,42,14,1,122750.24,122750.24
86488,2022-08-04,18,169,19,5,199069.12,995345.61
36032,2022-01-21,25,236,3,4,170755.99,683023.96
36510,2022-12-30,15,146,12,2,173950.83,347901.67
26250,2023-07-22,43,179,10,3,184844.37,554533.11
31418,2022-05-15,35,18,18,5,238304.27,1191521.36
96799,2023-01-18,17,161,17,4,263450.91,1053803.65
55368,2022-10-10,4,73,18,3,342672.37,1028017.12
98429,2022-12-30,27,256,6,2,39692.86,79385.71
48029,2023-10-23,11,201,1,4,275741.54,1102966.17
2183,2022-02-27,10,193,5,3,315345.53,946036.59
54157,2023-06-04,34,214,13,2,308845.94,617691.89
48295,2022-02-07,47,20,13,2,72982.34,145964.67
92581,2022-12-14,40,177,5,5,251388.01,1256940.07
52202,2023-04-02,50,254,5,1,335379.51,335379.51
90751,2023-10-28,31,173,6,2,132711.45,265422.91
72805,2022-07-29,18,137,16,5,221875.34,1109376.72
41893,2022-02-11,26,254,15,1,35413.51,35413.51
17695,2022-05-06,42,264,11,3,127056.6,381169.8
40691,2022-06-14,16,158,16,5,169456.09,847280.47
26246,2022-07-21,40,201,19,4,68425.51,273702.04
89747,2022-03-04,2,216,10,3,168431.69,505295.06
65958,2023-11-29,34,156,18,3,180277.42,540832.27
40176,2023-01-23,1,96,20,5,271544.7,1357723.48
15678,2023-09-21,15,298,15,3,72840.5,218521.5
25726,2023-05-12,30,251,5,3,25870.63,77611.89
88441,2023-09-08,45,60,17,3,224215.11,672645.32
25408,2023-10-25,23,224,12,1,130496.23,130496.23
8557,2022-09-21,18,120,9,1,292341.26,292341.26
64538,2023-06-25,24,191,10,1,122879.55,122879.55
60205,2023-01-11,25,291,1,1,142684.02,142684.02
20266,2022-11-24,38,111,17,4,162200.06,648800.25
3613,2023-04-25,41,80,5,4,24249.85,96999.41
20884,2022-07-31,42,22,6,2,203916.5,407833.01
54104,2023-03-10,16,228,19,1,316571.42,316571.42
21896,2022-12-03,12,202,17,1,87825.41,87825.41
17923,2023-04-04,32,246,15,2,75964.23,151928.47
67974,2023-05-07,21,198,12,3,285226.47,855679.4
20087,2022-09-10,50,46,15,3,224017.17,672051.5
26439,2023-03-17,33,82,14,4,327434.66,1309738.63
72660,2023-01-07,39,198,15,4,104010.68,416042.72
21193,2023-07-02,31,107,3,5,151425.23,757126.14
16330,2022-09-15,25,109,15,4,107909.43,431637.74
56598,2023-07-10,46,4,20,4,229706.48,918825.92
50531,2023-10-13,30,200,7,2,255862.65,511725.3
76847,2022-12-14,25,277,3,2,64671.29,129342.57
77160,2022-11-24,1,70,18,4,82758.07,331032.26
3623,2023-12-19,34,120,4,3,42186.47,126559.42
98608,2023-10-10,42,197,2,5,303716.52,1518582.59
6468,2022-12-21,18,112,8,1,137470.9,137470.9
32459,2023-05-14,1,100,15,4,338735.81,1354943.23
49952,2022-11-05,8,112,15,5,247594.08,1237970.41
74838,2022-08-09,50,89,11,3,336751.74,1010255.21
38807,2022-08-11,29,263,13,4,23135.91,92543.63
85062,2023-08-19,18,77,1,3,190019.19,570057.57
79569,2023-03-21,44,48,5,3,349346.44,1048039.33
33350,2022-07-10,3,256,10,2,119404.22,238808.45
2045,2022-08-31,6,66,13,4,61253.91,245015.65
74033,2022-02-26,19,93,16,3,65242.27,195726.81
79992,2022-04-23,24,293,2,4,110752.36,443009.42
29590,2023-04-26,26,93,7,5,127179.12,635895.6
55033,2022-05-12,20,18,3,1,125034.7,125034.7
58158,2022-03-09,37,68,10,2,76570.82,153141.65
11028,2022-07-11,14,280,3,5,91214.81,456074.04
80285,2023-11-27,40,240,1,5,134904.83,674524.14
84481,2023-03-01,28,81,19,1,63708.19,63708.19
94965,2023-07-17,9,110,19,3,313990.46,941971.39
20298,2023-06-08,6,206,9,1,273752.01,273752.01
31522,2022-06-10,39,150,15,5,286367.5,1431837.49
29458,2022-04-11,34,5,4,1,319582.22,319582.22
72890,2023-09-08,41,8,19,4,56927.06,227708.22
21143,2023-12-26,27,124,17,5,302586.98,1512934.89
87344,2023-12-31,9,22,9,4,28972.42,115889.69
21662,2022-10-03,49,110,17,1,142348.51,142348.51
16620,2023-12-22,48,46,4,5,183750.41,918752.05
16074,2022-01-07,3,204,20,2,172928.67,345857.34
40885,2022-08-09,20,231,11,5,164447.44,822237.19
96241,2023-09-10,23,281,15,4,196846.89,787387.58
50120,2022-05-14,44,204,9,2,318766.26,637532.53
23482,2022-05-07,8,299,13,2,37064.47,74128.94
67140,2022-07-21,20,32,10,2,237690.89,475381.77
24680,2023-08-07,15,59,4,3,189776.78,569330.33
46576,2023-07-11,42,54,13,5,308400.04,1542000.22
67807,2023-04-01,40,151,11,2,292282.14,584564.29
9013,2023-10-28,2,228,17,4,30048.86,120195.43
33481,2023-04-08,3,2,4,3,106889.27,320667.82
73174,2022-04-03,11,81,3,1,168547.06,168547.06
36287,2023-06-20,41,248,20,1,128762.35,128762.35
11107,2022-07-16,37,113,9,2,332666.85,665333.69
5002,2023-05-31,10,142,19,5,258613.24,1293066.19
54033,2022-08-26,50,65,12,5,128003.68,640018.39
22134,2022-04-02,13,66,2,4,322204.31,1288817.24
67649,2022-07-10,31,262,11,5,336062.08,1680310.4
23228,2022-09-10,37,15,11,3,44995.38,134986.14
94947,2023-05-11,31,120,19,2,154084.18,308168.35
41640,2023-06-11,41,245,11,3,37925.92,113777.76
18314,2023-03-28,29,276,6,5,172106.19,860530.95
82584,2023-06-16,22,119,9,4,157124.95,628499.81
35327,2022-06-07,43,62,15,4,164915.68,659662.74
73907,2022-07-18,25,231,2,2,157370.59,314741.17
93414,2022-06-08,36,137,13,1,271629.55,271629.55
62223,2022-03-24,44,140,19,4,107527.51,430110.05
71993,2023-08-19,9,265,6,1,76326.2,76326.2
8871,2022-08-14,15,66,7,4,255934.8,1023739.2
48925,2022-09-23,16,16,4,1,265175.69,265175.69
46483,2023-10-04,26,112,7,4,326977.81,1307911.25
94757,2023-02-28,42,33,20,4,266940.66,1067762.64
46236,2023-01-10,45,290,13,2,46895.36,93790.73
48305,2022-01-10,40,260,3,1,88666.54,88666.54
13579,2022-12-31,36,295,13,3,55713.09,167139.28
82186,2023-05-27,1,162,7,3,224335.83,673007.5
11945,2023-05-31,2,23,14,2,121577.01,243154.01
44074,2022-07-19,13,84,2,2,275193.8,550387.59
83173,2022-11-04,28,169,7,3,196059.1,588177.29
58054,2023-11-04,48,285,9,4,26908.02,107632.06
92335,2022-08-24,4,291,19,5,289439.66,1447198.3
23635,2022-02-22,8,191,5,1,24993.67,24993.67
48041,2022-07-04,15,113,11,5,43237.99,216189.95
95438,2023-12-14,28,192,6,5,247060.33,1235301.63
33787,2022-12-08,18,290,20,3,196417.72,589253.16
4140,2022-09-12,49,245,18,4,192335.99,769343.95
47113,2022-03-15,15,238,2,2,274941.97,549883.94
1338,2023-10-18,20,4,10,3,322938.28,968814.83
95525,2023-02-21,41,104,3,5,246905.71,1234528.57
47385,2023-12-15,27,25,10,4,77393.47,309573.89
14844,2022-06-25,26,55,7,5,224442.98,1122214.92
79410,2023-01-12,28,298,2,1,95325.97,95325.97
98061,2022-03-28,33,299,5,4,284191.88,1136767.54
46733,2022-02-13,37,31,6,5,288927.3,1444636.48
65673,2023-01-31,11,84,3,3,263117.07,789351.21
70270,2022-03-26,34,233,14,5,224268.46,1121342.3
81570,2023-05-19,38,185,14,3,66802.92,200408.76
67137,2022-01-01,31,145,9,4,126880.67,507522.67
89367,2023-05-29,41,199,17,3,324229.32,972687.96
618,2022-09-21,41,250,15,5,285294.58,1426472.89
54116,2022-02-06,46,39,3,5,345251.47,1726257.35
8988,2022-07-18,49,57,13,4,205743.78,822975.12
49265,2023-02-08,43,28,5,3,66366.05,199098.15
37588,2022-10-17,48,190,15,2,255077.46,510154.91
97227,2023-06-04,48,7,9,5,255284.38,1276421.91
20145,2022-09-12,23,173,14,3,334538.53,1003615.59
63630,2022-09-09,1,42,15,2,127840.94,255681.89
74131,2023-10-17,34,288,8,1,221062.61,221062.61
31140,2023-03-07,45,251,15,2,342326.32,684652.64
76991,2023-08-28,28,295,19,4,52130.53,208522.11
89597,2022-03-16,24,182,12,3,301535.66,904606.99
64702,2023-04-26,4,92,15,3,222696.77,668090.32
89599,2022-05-24,40,164,5,3,120501.5,361504.49
62404,2022-12-15,33,163,7,1,187652.46,187652.46
20557,2023-01-28,27,131,14,3,132349.36,397048.08
28866,2022-12-06,20,164,1,3,113590.9,340772.71
57537,2023-11-14,27,300,20,1,178206.61,178206.61
1577,2022-04-08,44,263,17,2,161286.64,322573.27
70175,2023-03-22,7,88,1,3,152141.19,456423.56
52852,2022-05-03,43,11,5,3,90284.56,270853.68
3748,2023-07-14,23,263,18,2,52344.16,104688.32
58094,2022-09-22,37,27,3,5,26899.02,134495.1
91991,2022-09-12,36,116,7,3,182017.03,546051.09
3441,2023-05-02,42,66,11,1,96012.68,96012.68
5704,2022-02-05,25,6,14,3,237976.73,713930.19
7409,2022-01-21,7,227,10,5,239031.06,1195155.32
43579,2023-08-08,8,30,9,5,129386.88,646934.39
30351,2023-04-22,45,210,20,3,187231.91,561695.73
87591,2022-07-19,6,278,12,3,36187.19,108561.58
96143,2023-11-29,19,286,13,2,273088.59,546177.18
88629,2023-05-05,30,99,17,5,71726.21,358631.07
61453,2023-01-07,18,15,12,2,28130.09,56260.19
19960,2023-03-20,34,286,10,4,296921.73,1187686.9
85570,2023-09-08,3,189,19,2,195976.35,391952.69
58927,2022-12-23,20,62,19,4,306909.36,1227637.45
63486,2023-05-30,8,118,1,2,140127.15,280254.3
41375,2023-04-03,16,178,19,2,164522.56,329045.13
57095,2023-11-25,29,291,14,3,96601.47,289804.4
97428,2023-01-09,41,197,14,5,108291.04,541455.22
51276,2022-08-31,38,177,14,5,143808.73,719043.63
28256,2023-05-02,30,92,9,4,50534.91,202139.63
42172,2022-08-10,10,77,12,2,102811.15,205622.31
79300,2022-05-13,21,276,15,5,44677.12,223385.62
47648,2022-01-10,29,248,14,1,333050.84,333050.84
96247,2023-01-17,49,220,11,5,106139.35,530696.77
65552,2023-11-03,17,116,12,3,42706.87,128120.61
11478,2022-07-07,31,269,7,1,79985.77,79985.77
80769,2023-08-04,46,225,13,2,33243.05,66486.09
36471,2023-01-22,34,180,18,3,313353.52,940060.55
61903,2022-09-12,12,198,3,2,237712.45,475424.89
52075,2022-01-07,43,168,9,4,90241.72,360966.87
45214,2023-08-24,32,53,13,3,310422.83,931268.49
16470,2022-11-20,40,186,15,1,100438.73,100438.73
27412,2023-05-23,26,103,9,3,315477.77,946433.32
10726,2023-08-11,42,2,20,4,72041.25,288164.99
39862,2023-08-23,14,225,6,2,32618.76,65237.53
6405,2022-02-21,41,164,11,5,123416.58,617082.91
88975,2023-03-31,5,163,7,4,124244.94,496979.77
27941,2023-09-28,39,177,1,1,88632.5,88632.5
19341,2023-02-16,29,253,7,3,215604.99,646814.97
41616,2022-06-21,44,221,19,2,84077.6,168155.19
73069,2023-03-25,2,246,5,2,77732.47,155464.95
2889,2022-10-15,35,168,15,3,91939.44,275818.33
73727,2023-07-16,10,80,14,2,298671.46,597342.91
58495,2022-03-18,13,24,5,1,238856.36,238856.36
40030,2022-10-17,7,187,14,4,296906.16,1187624.63
21828,2022-08-27,9,273,20,5,298161.66,1490808.29
58046,2022-05-25,26,114,11,5,55463.32,277316.6
88608,2022-02-25,9,251,5,1,105527.35,105527.35
79433,2023-04-21,37,255,20,2,236475.71,472951.43
27487,2023-05-27,37,184,7,2,195380.57,390761.14
87882,2023-01-08,39,115,14,2,349976.36,699952.73
4125,2023-09-25,38,273,10,2,197124.22,394248.43
68216,2023-04-14,34,76,11,5,216156.33,1080781.65
17339,2022-07-12,39,199,20,1,125310.1,125310.1
90693,2022-01-31,9,24,15,1,44631.16,44631.16
60030,2022-10-06,10,6,20,1,236599.1,236599.1
11363,2023-08-29,30,74,19,4,235954.27,943817.09
83758,2022-12-31,30,221,15,1,115776.56,115776.56
72019,2022-08-18,43,232,5,3,113724.12,341172.35
96599,2023-09-05,38,113,14,5,283479.21,1417396.06
15804,2023-11-16,40,92,10,3,131338.58,394015.75
89563,2023-07-21,50,7,10,4,48314.63,193258.53
44819,2022-07-02,16,276,18,3,277827.36,833482.07
79569,2022-07-19,7,236,4,1,151259.22,151259.22
66896,2022-01-16,8,255,6,1,152370.6,152370.6
62374,2022-10-15,31,299,13,3,212223.45,636670.34
73297,2022-11-02,17,51,9,4,66384.01,265536.06
91692,2023-05-18,14,88,15,5,209648.34,1048241.72
60868,2022-07-22,36,257,6,5,119008.76,595043.8
37719,2023-02-02,35,74,19,5,158191.92,790959.58
50551,2022-05-27,12,58,19,4,26694.67,106778.69
83004,2023-12-06,2,259,7,4,348361.25,1393445.02
1456,2023-05-19,17,127,1,5,198456.14,992280.72
91057,2022-07-11,24,266,5,1,167191.68,167191.68
4511,2023-02-02,9,129,16,5,283948.34,1419741.71
57506,2023-09-12,9,97,7,3,346074.25,1038222.76
75606,2023-02-09,44,92,11,3,88652.97,265958.91
59365,2023-03-25,32,214,12,2,264138.28,528276.56
7557,2022-02-25,25,186,1,1,342403.24,342403.24
81307,2023-07-26,39,11,11,4,315040.71,1260162.83
80642,2022-03-24,6,89,9,3,52084.19,156252.57
58494,2022-09-18,36,133,17,2,111347.88,222695.76
58367,2022-07-08,16,177,19,1,225011.51,225011.51
41371,2023-10-23,23,77,19,4,221326.93,885307.7
59667,2023-11-30,29,218,18,1,85008.23,85008.23
90615,2023-01-21,44,73,15,4,192155.48,768621.94
70026,2023-12-17,41,81,20,5,72524.66,362623.32
20597,2022-09-04,46,154,2,2,45883.52,91767.05
40501,2022-08-03,6,172,8,1,133326.55,133326.55
91510,2023-05-23,2,260,6,4,76999.09,307996.37
9372,2022-01-13,45,146,7,2,24733.14,49466.27
13607,2022-03-12,22,183,15,3,166462.05,499386.15
4368,2022-07-16,49,30,13,4,244215.87,976863.47
87033,2022-05-25,18,78,15,2,120929.88,241859.75
34268,2022-01-02,28,68,8,4,154278.72,617114.88
34288,2022-10-16,12,209,14,2,145729.94,291459.88
28909,2023-11-28,38,266,15,4,235818.66,943274.65
33165,2023-08-23,42,262,14,4,96555.32,386221.26
22909,2023-07-08,22,203,4,5,173159.62,865798.09
35138,2022-03-24,16,272,4,3,162227.9,486683.71
12301,2023-06-09,27,167,13,2,268365.05,536730.1
81819,2022-09-11,37,217,5,2,70572.16,141144.32
19781,2023-02-07,46,57,5,1,87726.6,87726.6
9879,2023-06-13,39,50,19,5,219550.46,1097752.3
43898,2022-06-06,26,250,2,3,270351.43,811054.3
30066,2023-01-09,16,238,6,3,286306.8,858920.41
8861,2023-04-16,2,273,16,5,154759.14,773795.69
83426,2023-10-15,4,156,19,4,238244.88,952979.5
68147,2022-11-01,10,107,8,1,224494.91,224494.91
45869,2023-01-04,50,190,16,5,42161.41,210807.07
22290,2023-06-23,22,297,13,3,22756.87,68270.61
31293,2023-05-24,38,179,18,5,284441.33,1422206.63
48263,2023-07-27,34,202,17,2,263172.85,526345.7
82501,2023-10-23,20,140,9,2,60125.72,120251.44
29350,2023-03-03,11,251,14,2,149708.53,299417.05
88350,2023-08-06,20,200,13,1,77630.66,77630.66
92562,2023-04-17,23,15,12,1,304435.27,304435.27
84195,2023-05-26,9,259,17,3,79385.64,238156.93
20422,2022-07-09,38,42,15,2,181766.35,363532.7
49049,2022-07-30,41,275,1,3,205407.65,616222.96
36047,2022-10-04,19,43,6,5,338269.75,1691348.76
65852,2022-11-18,39,4,19,2,109337.8,218675.61
89626,2023-09-13,49,128,17,2,207618.14,415236.28
77950,2023-11-14,12,162,20,4,291724.18,1166896.74
67310,2022-02-04,12,233,3,5,328933.24,1644666.22
13439,2022-03-23,14,220,19,4,105167.56,420670.25
26691,2022-10-29,35,249,15,1,96846.74,96846.74
22506,2022-08-11,29,9,14,3,29440.23,88320.69
60084,2023-11-21,29,104,6,5,290056.49,1450282.44
74288,2023-12-24,8,276,16,3,26597.38,79792.13
41220,2023-09-24,15,92,3,5,149948.68,749743.38
32477,2023-02-02,28,111,13,2,328453.71,656907.42
88235,2023-01-31,22,51,19,2,176779.11,353558.22
13078,2022-03-14,8,3,10,2,47062.09,94124.19
21147,2023-07-12,48,214,11,2,79207.66,158415.32
27376,2023-03-28,25,178,6,4,307805.5,1231221.99
48960,2023-08-31,5,299,7,4,345987.78,1383951.13
83349,2023-06-08,37,176,1,5,259880.54,1299402.72
36107,2023-05-03,11,209,16,4,48735.33,194941.34
47046,2022-06-28,47,245,10,3,348670.82,1046012.47
68549,2023-05-29,39,113,15,3,179917.44,539752.31
73996,2023-06-12,21,291,19,5,220799.16,1103995.8
26900,2022-12-27,27,119,5,3,193709.74,581129.23
24246,2023-08-19,38,68,3,4,36929.39,147717.56
14806,2023-08-15,33,66,5,4,92996.01,371984.04
91933,2022-12-14,31,111,12,2,245639.28,491278.57
60634,2022-10-17,10,115,6,5,314718.09,1573590.45
26860,2022-05-03,4,196,7,1,28341.42,28341.42
57353,2023-10-08,15,83,11,5,109679.89,548399.43
15207,2023-09-09,19,64,15,1,99024.36,99024.36
87553,2022-10-08,45,293,15,4,83132.07,332528.27
55807,2022-04-13,9,10,13,5,142916.75,714583.76
38060,2022-12-12,14,293,2,2,258414.38,516828.76
6877,2022-03-25,16,55,2,2,169939.1,339878.19
32661,2023-08-26,11,291,7,3,60555.46,181666.37
84845,2022-08-07,22,273,2,2,275963.61,551927.23
15461,2023-12-13,22,152,18,4,286177.67,1144710.68
45672,2023-08-29,47,166,2,5,285702.62,1428513.1
16864,2023-12-04,22,215,12,4,20657.75,82631.0
87721,2023-03-11,23,101,11,5,51306.58,256532.9
23392,2022-01-21,46,46,1,2,279261.2,558522.39
33244,2023-11-05,3,107,9,2,28535.04,57070.08
75018,2023-01-10,50,140,4,5,28981.77,144908.87
37570,2023-04-12,19,272,7,3,335566.5,1006699.5
76768,2023-05-05,2,149,14,4,177134.03,708536.13
85719,2022-07-11,30,249,3,4,334806.86,1339227.45
72454,2023-02-11,16,148,12,1,144004.67,144004.67
41354,2022-04-05,32,23,7,2,214812.21,429624.41
26187,2023-07-18,15,207,8,3,159881.44,479644.31
13934,2023-10-27,33,90,14,1,325902.37,325902.37
80664,2022-02-27,45,33,13,1,112494.52,112494.52
15672,2023-04-19,7,218,12,2,137862.21,275724.42
92663,2023-04-13,15,58,1,3,80749.65,242248.96
39112,2023-01-11,41,51,5,5,187351.62,936758.11
54342,2022-04-20,25,123,13,3,295821.62,887464.85
11451,2023-03-29,7,201,4,2,206307.65,412615.3
49348,2023-08-10,19,246,16,3,79994.27,239982.81
16793,2023-03-25,14,114,2,1,142697.52,142697.52
23947,2022-05-19,29,68,17,3,242316.19,726948.56
62626,2023-03-21,11,167,7,2,117803.65,235607.29
42859,2023-08-13,48,110,9,3,135513.32,406539.95
90690,2022-01-07,29,141,15,1,61723.54,61723.54
12818,2022-11-26,42,184,14,5,215654.71,1078273.56
81401,2022-09-17,14,234,3,1,274854.8,274854.8
88947,2023-04-14,27,207,14,1,84525.25,84525.25
17299,2022-08-20,28,168,16,5,28464.56,142322.79
26536,2023-05-22,22,189,5,3,217296.08,651888.23
42736,2022-06-29,13,110,13,4,181597.27,726389.07
81038,2022-04-18,27,229,5,4,174792.34,699169.37
91277,2022-12-14,41,285,7,3,140117.57,420352.72
96908,2023-01-27,42,223,15,4,291512.97,1166051.88
68001,2022-10-08,46,144,1,2,98785.2,197570.41
72837,2023-04-12,44,256,1,1,330161.15,330161.15
16367,2022-07-09,12,56,5,3,326487.76,979463.29
36548,2022-06-26,34,242,1,2,222788.71,445577.42
3904,2022-12-15,19,107,18,4,140388.27,561553.09
69547,2023-05-26,42,220,10,2,39787.96,79575.93
12226,2022-08-21,27,155,17,1,56103.22,56103.22
1625,2023-03-01,41,34,5,5,314828.63,1574143.15
97737,2022-09-24,41,145,9,1,278822.15,278822.15
58595,2023-02-07,50,148,16,5,220462.4,1102311.99
49028,2023-12-19,40,99,5,2,89033.43,178066.87
96229,2023-08-27,14,27,6,3,114768.69,344306.08
12777,2022-09-24,6,235,8,2,150996.8,301993.6
74846,2022-04-20,33,197,7,3,52916.94,158750.82
95932,2022-09-05,6,202,11,4,250841.23,1003364.9
78847,2022-12-15,6,18,20,2,322777.72,645555.45
58696,2022-06-04,31,70,10,2,248499.06,496998.12
8517,2022-06-28,29,300,6,1,82529.36,82529.36
80035,2022-06-25,29,31,2,1,244478.76,244478.76
34095,2023-08-10,12,231,3,4,47367.03,189468.11
67331,2022-07-15,49,35,13,3,32595.08,97785.24
61833,2023-11-27,13,291,10,5,124328.85,621644.24
63129,2023-01-22,41,51,7,5,156986.75,784933.77
97514,2023-05-11,15,253,17,1,94137.36,94137.36
59652,2022-03-06,5,21,6,2,213525.56,427051.11
1317,2023-04-07,16,67,17,3,35718.33,107154.99
90497,2022-04-11,40,134,20,4,166194.04,664776.18
63405,2023-02-07,37,237,1,3,230492.99,691478.96
4705,2023-11-30,38,69,7,1,239262.32,239262.32
85418,2022-11-10,30,26,9,4,78825.41,315301.64
27654,2023-01-20,46,147,17,2,30053.23,60106.46
76824,2023-09-04,9,12,9,2,250337.87,500675.74
73484,2023-03-02,5,26,10,3,302961.63,908884.89
95999,2022-09-01,6,231,17,5,198438.6,992193.02
72284,2022-04-14,46,161,17,1,143518.66,143518.66
354,2022-10-10,24,186,12,2,33815.93,67631.86
70407,2022-04-25,9,15,19,2,299665.12,599330.24
90944,2022-01-22,4,187,19,3,135747.56,407242.67
27642,2023-02-17,27,208,13,1,154755.73,154755.73
27469,2023-01-04,8,172,12,3,44755.49,134266.46
6778,2022-04-29,14,201,10,2,265388.52,530777.05
4913,2022-08-11,15,186,16,4,259280.93,1037123.73
15767,2023-10-03,16,186,20,1,144353.48,144353.48
13417,2022-07-31,41,40,11,3,29536.84,88610.52
742,2023-11-12,28,1,19,4,32161.45,128645.79
74020,2022-10-29,1,164,4,2,252097.2,504194.4
13803,2023-06-19,24,252,5,2,322328.68,644657.36
56662,2022-12-25,40,83,3,4,184656.54,738626.15
31475,2022-01-05,18,5,11,3,99139.91,297419.74
5379,2022-07-04,4,2,20,5,254694.98,1273474.9
69097,2022-06-10,44,250,10,1,47568.96,47568.96
2307,2023-02-19,35,13,11,4,295014.94,1180059.76
54574,2022-09-26,17,101,7,2,185333.24,370666.49
4149,2022-11-01,33,182,13,4,236170.67,944682.68
29356,2022-08-01,18,103,18,2,80089.28,160178.56
66357,2023-06-17,2,260,12,4,145001.3,580005.21
10684,2022-01-09,47,229,20,1,66372.99,66372.99
72680,2022-06-04,20,88,18,1,111280.34,111280.34
1149,2022-10-07,11,208,15,2,172269.86,344539.71
59916,2022-05-24,13,25,13,3,328940.31,986820.93
18621,2022-11-14,13,181,18,2,234906.24,469812.47
4326,2022-08-31,9,85,8,2,300602.77,601205.54
36618,2022-02-02,24,174,7,1,36498.13,36498.13
3783,2023-08-09,17,294,20,4,276871.25,1107485.01
47348,2022-11-29,27,295,16,3,312170.21,936510.64
83513,2022-05-19,39,57,3,1,280549.86,280549.86
8557,2023-12-25,8,136,13,5,259374.59,1296872.97
27809,2023-02-24,1,88,19,2,199041.53,398083.06
3810,2023-06-06,2,96,13,2,337576.06,675152.12
67801,2023-05-27,12,89,11,4,249388.13,997552.51
69601,2023-11-13,38,117,9,5,130181.78,650908.9
28774,2023-05-27,16,255,5,3,69000.44,207001.33
29966,2022-10-18,11,203,13,5,281092.52,1405462.61
49875,2023-03-04,31,18,9,5,235378.18,1176890.9
89035,2022-11-03,7,178,17,5,167788.31,838941.57
73229,2022-03-26,17,62,6,4,131427.34,525709.34
71574,2023-01-25,39,239,17,3,300373.57,901120.72
83029,2022-07-21,41,227,7,1,121578.02,121578.02
70836,2023-09-26,49,174,1,3,148870.73,446612.18
64616,2023-03-23,43,37,6,4,212196.8,848787.2
80361,2023-05-16,8,239,1,5,103963.9,519819.48
2981,2022-09-23,16,143,10,2,281659.14,563318.28
24113,2022-12-17,31,145,13,1,204948.66,204948.66
51350,2022-11-02,19,212,18,5,221021.38,1105106.89
95403,2023-10-24,13,232,7,3,327112.14,981336.42
26781,2022-03-15,13,53,9,5,348627.74,1743138.7
61534,2023-12-14,40,282,13,2,219257.7,438515.4
82788,2023-05-06,1,243,19,2,58618.26,117236.53
96680,2023-03-05,24,293,9,4,110903.86,443615.43
94469,2023-06-11,46,266,15,4,107991.46,431965.86
320,2023-12-13,13,236,15,3,134507.09,403521.27
68247,2023-04-28,13,21,11,3,34375.13,103125.38
44181,2023-05-24,24,62,13,3,137573.42,412720.25
72970,2022-05-26,41,284,9,2,103934.32,207868.64
85608,2023-06-28,1,106,4,1,21595.92,21595.92
66536,2022-01-03,41,242,17,1,264932.16,264932.16
31053,2022-01-01,25,53,12,5,115376.75,576883.75
63513,2022-10-20,9,295,1,2,96086.34,192172.68
30119,2022-11-17,20,1,7,5,130219.3,651096.48
5553,2022-11-30,34,237,5,3,166800.77,500402.31
27538,2023-05-27,50,114,17,2,233210.39,466420.78
7817,2022-11-16,39,118,1,1,294027.72,294027.72
26674,2022-09-18,31,259,16,2,330813.9,661627.79
97533,2022-07-29,12,289,6,1,177487.1,177487.1
39050,2023-02-19,2,118,6,3,135333.19,405999.56
69522,2022-02-24,50,264,11,2,61542.99,123085.99
8031,2023-08-08,34,217,1,2,292871.01,585742.02
70168,2022-12-22,26,286,7,2,326007.69,652015.38
6863,2023-05-06,18,183,19,5,213741.47,1068707.33
37353,2023-01-15,28,87,1,3,247220.53,741661.6
70150,2022-11-14,24,220,12,3,162993.26,488979.79
53864,2023-10-03,41,235,18,5,236690.66,1183453.3
26147,2023-10-07,1,294,11,4,138448.14,553792.55
85900,2022-03-12,14,286,2,4,115783.37,463133.46
97044,2022-09-17,9,126,9,3,147259.74,441779.22
37403,2023-01-22,32,182,17,4,108438.27,433753.07
35003,2022-11-03,13,102,7,5,219565.18,1097825.89
99220,2022-08-07,30,90,15,1,349500.3,349500.3
69695,2022-03-25,33,190,3,1,74655.18,74655.18
18329,2023-03-03,35,121,17,2,34313.09,68626.18
90604,2023-11-27,38,85,7,2,263272.12,526544.24
81908,2022-04-28,43,70,16,1,160963.76,160963.76
87755,2023-03-08,12,96,9,3,289412.05,868236.16
27119,2023-05-01,15,151,11,3,316393.76,949181.29
93863,2022-05-16,4,75,14,5,288484.16,1442420.82
50432,2022-10-17,23,161,11,3,214922.94,644768.82
93433,2022-05-15,17,181,18,1,92358.64,92358.64
62923,2022-02-04,10,244,15,4,184387.07,737548.26
11675,2023-02-13,13,59,9,4,272980.49,1091921.97
68402,2023-02-13,48,36,2,2,273632.62,547265.23
71937,2023-11-06,33,115,17,1,165100.14,165100.14
26245,2022-09-30,11,57,9,2,236144.33,472288.66
71932,2022-02-06,13,149,9,2,134255.98,268511.96
75385,2022-07-11,33,233,12,3,30061.85,90185.54
15005,2023-10-10,39,203,4,1,40470.77,40470.77
25613,2023-07-18,45,27,9,2,79683.31,159366.62
39183,2023-12-16,7,191,16,3,300484.2,901452.61
7688,2023-09-30,28,45,13,1,96215.96,96215.96
52353,2022-03-12,13,148,17,4,169174.26,676697.06
30637,2022-04-04,29,46,15,1,29730.94,29730.94
5411,2022-05-15,2,180,7,4,57959.78,231839.13
6538,2023-09-04,47,77,16,1,203773.84,203773.84
84221,2023-12-25,30,64,15,4,155021.36,620085.46
57983,2023-10-16,3,92,7,4,112861.27,451445.1
98527,2023-01-15,34,112,4,5,78259.37,391296.86
8766,2023-06-24,1,58,5,5,25843.48,129217.38
16745,2022-12-12,44,274,4,5,169417.01,847085.03
66182,2023-07-28,10,46,12,1,348788.89,348788.89
68905,2023-08-20,17,240,19,3,131792.13,395376.39
68447,2023-07-19,41,68,5,5,43274.49,216372.45
65598,2023-08-14,31,267,18,5,311515.06,1557575.29
42440,2023-07-10,39,42,4,1,140461.82,140461.82
96884,2023-02-15,5,60,18,1,201388.27,201388.27
3856,2022-03-22,34,61,15,4,88048.72,352194.9
57462,2023-08-21,42,286,14,5,130680.22,653401.09
83430,2022-01-10,9,261,12,3,167226.74,501680.23
33084,2022-12-04,46,238,1,2,70372.86,140745.73
38797,2022-07-25,48,293,10,2,285148.14,570296.28
92754,2022-08-30,1,218,8,4,276130.72,1104522.88
32407,2023-05-23,26,89,17,3,318534.74,955604.21
86009,2022-10-30,7,243,17,4,164625.91,658503.63
81622,2023-04-28,12,90,9,4,116365.91,465463.66
29394,2022-06-23,2,246,11,3,205856.44,617569.32
50952,2022-02-10,6,24,13,2,164055.26,328110.52
34189,2022-11-07,7,159,10,2,305829.75,611659.51
38517,2023-02-28,23,74,13,3,224506.42,673519.26
44826,2023-08-13,26,208,2,1,290631.08,290631.08
81365,2023-01-12,20,104,13,3,22302.35,66907.05
65925,2022-06-22,36,241,1,5,280321.96,1401609.8
5353,2022-03-27,42,204,10,5,314785.7,1573928.48
40883,2023-06-28,44,116,5,2,178992.68,357985.36
78871,2022-05-22,46,92,3,2,53747.4,107494.8
71956,2022-11-13,47,282,19,1,260596.43,260596.43
90158,2023-07-07,45,283,7,4,35936.08,143744.31
39135,2023-08-09,43,115,13,1,152340.89,152340.89
5464,2022-10-27,20,153,14,2,265926.83,531853.66
48044,2022-03-03,11,161,16,4,338332.33,1353329.33
44781,2022-10-29,36,289,8,2,34750.91,69501.82
15164,2022-09-03,39,99,3,2,299842.74,599685.48
27396,2023-04-11,50,268,3,1,185284.29,185284.29
18155,2022-09-05,13,185,7,5,73216.01,366080.07
71863,2023-11-09,39,8,1,4,297177.78,1188711.14
65115,2022-11-10,48,289,14,5,287343.87,1436719.36
10496,2022-12-19,1,213,5,1,208866.18,208866.18
90857,2022-05-17,13,293,1,1,253100.74,253100.74
48293,2022-10-04,23,112,1,2,53447.87,106895.74
77050,2022-09-23,14,83,5,1,330899.43,330899.43
16008,2022-02-06,32,42,5,3,269946.96,809840.87
49149,2022-12-11,44,124,1,5,278085.68,1390428.42
96816,2022-12-13,46,30,18,1,328669.87,328669.87
16589,2022-08-09,6,278,20,4,121518.75,486075.01
95947,2023-10-08,3,250,1,5,53016.24,265081.18
59108,2023-11-12,19,262,6,2,227010.09,454020.18
43241,2023-10-10,45,250,7,1,245930.14,245930.14
90452,2023-12-17,27,117,8,5,273580.56,1367902.8
7672,2022-10-24,31,45,10,1,104943.82,104943.82
30409,2022-07-22,17,234,6,4,342567.26,1370269.06
34001,2022-06-27,33,68,5,5,162787.37,813936.86
10686,2023-02-06,40,258,7,1,310195.66,310195.66
58243,2022-08-04,15,72,17,3,277911.25,833733.75
37088,2022-02-11,10,164,9,2,94235.23,188470.46
60189,2023-02-23,36,23,6,1,55259.4,55259.4
50269,2022-11-02,1,17,16,4,210549.85,842199.42
53017,2023-02-26,24,200,2,4,257981.4,1031925.61
68462,2022-04-14,14,134,8,3,227103.95,681311.86
27075,2023-03-23,3,66,2,5,121828.5,609142.49
69597,2023-02-02,15,173,20,4,286809.49,1147237.98
47362,2023-04-07,46,140,2,4,297022.41,1188089.63
46242,2022-07-18,16,37,10,5,259936.43,1299682.14
93324,2022-03-11,31,86,15,5,33300.59,166502.96
45484,2022-06-01,20,128,12,5,221632.51,1108162.53
85013,2023-09-01,5,271,7,1,298682.99,298682.99
86937,2023-11-05,23,82,2,1,176417.1,176417.1
10130,2023-12-04,18,116,14,1,346772.76,346772.76
66680,2022-03-25,19,269,6,1,72814.05,72814.05
34316,2022-10-29,36,300,12,3,45184.28,135552.84
70568,2022-12-07,26,212,19,3,176412.63,529237.89
22715,2022-12-04,1,282,6,3,254806.46,764419.38
83126,2023-06-09,35,281,1,3,261182.44,783547.31
83621,2023-06-03,7,227,18,5,195439.97,977199.87
59959,2022-12-09,40,187,17,1,136293.75,136293.75
21442,2022-09-03,45,7,17,2,176517.66,353035.33
69811,2022-02-11,50,295,2,5,326320.47,1631602.37
80718,2022-09-05,1,273,20,3,266338.06,799014.19
54180,2023-01-14,10,95,17,1,155005.37,155005.37
96958,2023-05-22,44,139,13,5,203619.66,1018098.28
44670,2022-08-04,14,93,20,1,30419.36,30419.36
95561,2022-04-19,44,19,1,4,146356.81,585427.26
69772,2023-10-20,26,162,18,5,49410.98,247054.91
73853,2023-11-18,30,243,1,3,26326.33,78978.98
82199,2023-09-11,45,55,11,1,286214.27,286214.27
46373,2022-12-27,21,229,14,3,246674.26,740022.78
14173,2022-02-18,45,221,17,4,130634.78,522539.14
67491,2022-03-29,35,110,20,5,327607.2,1638035.99
17819,2023-02-17,20,46,7,2,159085.16,318170.32
72334,2022-01-29,10,49,17,2,123222.04,246444.08
33102,2023-03-24,8,228,11,5,278575.75,1392878.75
88766,2022-02-11,15,218,16,4,222757.09,891028.36
78045,2023-03-02,1,103,4,4,227650.5,910601.99
38214,2022-07-07,23,10,5,3,345625.51,1036876.54
65582,2022-04-27,37,55,9,1,102792.22,102792.22
22411,2022-01-06,48,265,12,2,194512.0,389023.99
67850,2023-05-30,40,99,4,1,161709.0,161709.0
9255,2022-07-11,32,33,17,4,219959.0,879835.98
67480,2022-05-06,36,116,9,3,327633.48,982900.43
56966,2022-10-06,23,38,12,1,157022.18,157022.18
52260,2022-12-09,9,102,5,2,132684.18,265368.37
90479,2023-05-28,16,57,5,1,94337.47,94337.47
21919,2022-06-04,33,227,1,2,91008.85,182017.71
46567,2022-07-18,19,47,7,5,307581.06,1537905.29
51720,2022-11-22,49,289,1,2,109390.71,218781.42
49123,2023-05-31,24,268,17,2,165707.08,331414.17
66034,2022-11-18,40,223,6,5,127843.56,639217.81
91985,2023-12-07,6,98,18,3,27438.48,82315.44
48934,2022-06-17,1,77,19,2,314486.77,628973.53
7332,2022-02-21,15,145,4,2,101285.34,202570.67
18081,2022-04-22,44,48,7,3,216365.15,649095.45
45581,2023-09-11,3,30,15,2,199025.76,398051.52
4191,2023-01-18,20,287,12,4,299760.77,1199043.07
69621,2022-05-23,5,86,7,3,84690.41,254071.23
16038,2023-03-02,10,239,10,3,294814.03,884442.08
55448,2023-05-01,29,231,14,3,284212.44,852637.33
17857,2022-09-19,45,99,9,3,110720.11,332160.34
50360,2022-12-21,33,113,10,5,318632.45,1593162.24
11526,2022-04-04,28,258,18,3,294107.46,882322.39
17024,2023-03-17,42,86,8,1,163333.66,163333.66
47833,2023-02-14,6,136,18,1,174841.78,174841.78
